eid	uids
S01E01	ch0171390, ch0171395, ch0171394, ch0251737
S01E02	ch0305046, ch0305045, ui0000013
S01E03	
S01E04	ch0305026
S01E05	ch0245400
S01E06	ch0304972, ui0000025, ch0294458, ch0155775
S01E07	ch0155776
S01E08	ch0246934, ch0379229, ui0000015, ch0379227
S01E09	ch0246162, ch0154681
S01E10	ch0171388, ch0305011
S02E01	ch0255280, ui0000053
S02E02	
S02E03	ch0251493, ch0257030
S02E04	ui0000049, ui0000085
S02E05	ch0246253, ch0305033
S02E06	ch0171391, ch0508056, ch0348391, ch0348391, ch0348391, ch0305002, ch0305030, ch0249444
S02E07	ch0305012, ui0000052, ch0305005, ch0345051
S02E08	
S02E09	ch0305029, ch0306220
S02E10	ui0000030, ch0171393, ch0303952, ch0303951, ch0248504, ch0303950
S03E01	ch0304921
S03E02	
S03E03	ui0000070
S03E04	ch0300218, ch0251492, ch0339503
S03E05	ch0305320, ch0395355, ch0395356, ch0305331
S03E06	ch0010187
S03E07	
S03E08	ch0123670, ch0339504, ch0304921
S03E09	ui0000088, ch0316922, ui0000006, ch0305007, ch0158596, ch0145135, ch0304494
S03E10	ui0000026, ui0000026
S04E01	ch0305023
S04E02	ui0000065, ch0156278
S04E03	ch0305031, ui0000089, ui0000084, ui0000032
S04E04	
S04E05	ch0045904, ch0396528, ch0251498
S04E06	
S04E07	ui0000088, ch0305028, ch0305019, ch0251736
S04E08	ch0305327, ui0000090, ch0392307
S04E09	ch0273477, ch0400416, ch0400416, ch0304492, ch0251496, ch0510933, ui0000063, ui0000064
S04E10	ch0316921, ch0250564, ch0242185
S05E01	ch0335039
S05E02	ui0000066, ch0508053
S05E03	ui0000054, ch0300651
S05E04	ch0539716, ch0531846, ch0241346
S05E05	ch0525536, ch0525536, ch0525536, ch0525536, ch0525536, ch0525536, ch0525536
S05E06	ui0000027
S05E07	ui0000074
S05E08	ch0305888, ch0511931, ch0304921, ch0512707
S05E09	ch0306346, ch0414458
S05E10	ch0316924, ui0000082, ui0000083, ch0250897, ch0316926, ch0246933, ch0259179, ch0238585, ch0155777
S06E01	ui0000031, ui0000067, ch0507107, ui0000087, ch0468006, ch0506400
S06E02	ui0000045, ch0305006, ch0506401, ch0292152
S06E03	ch0540530, ch0540097, ui0000022, ch0246938, ch0305003, ch0305036, ch0508055
S06E04	ch0544520, ui0000033, ch0295802, ch0535371, ch0538748, ch0542918, ch0542918, ui0000034, ui0000035, ui0000036
S06E05	ch0518715, ch0304921, ui0000023, ch0414457, ch0467999, ch0238584
S06E06	
S06E07	ch0541878
S06E08	ui0000079, ui0000080, ui0000081, ch0523969, ch0542106, ch0541190, ch0508054
S06E09	ch0413591, ui0000050, ch0233141, ch0540067, ch0524621, ch0321004
S06E10	ch0232836, ch0376927, ch0231428, ch0251974, ch0305013, ch0384328, ch0476559, ch0256424, ch0014591, ch0384471, ch0305328
S07E01	
S07E02	ch0468001, ch0468074
S07E03	ch0468075, ch0010188
S07E04	
S07E05	ch0524408, ch0541363, ui0000041, ui0000042
S07E06	ch0304921, ui0000024, ch0153996
S07E07	ui0000086, ch0245982
S08E01	tt0944947
S08E02	
S08E03	ch0305008, ch0541884, ch0305320, ch0158526, ch0304921, ch0512154, ui0000024, ch0158221
S08E04	ui0000016, ch0316923
S08E05	ch0249636, ui0000007, ch0518715, ch0316929, ch0162882, ch0245401, ui0000037, ui0000038
S08E06	ch0158597
